<?xml version="1.0" encoding="UTF-8" ?>
<!--
       Copyright 2015-2016 the original author or authors.
       Licensed under the Apache License, Version 2.0 (the "License");
       you may not use this file except in compliance with the License.
       You may obtain a copy of the License at
          http://www.apache.org/licenses/LICENSE-2.0
       Unless required by applicable law or agreed to in writing, software
       distributed under the License is distributed on an "AS IS" BASIS,
       WITHOUT WARRANTIES OR CONDITIONS OF ANY KIND, either express or implied.
       See the License for the specific language governing permissions and
       limitations under the License.
-->
<!DOCTYPE configuration
        PUBLIC "-//mybatis.org//DTD Config 3.0//EN"
        "http://mybatis.org/dtd/mybatis-3-config.dtd">
<configuration>

    <settings>
        <setting name="cacheEnabled" value="true"/>
        <setting name="lazyLoadingEnabled" value="true"/>
        <setting name="multipleResultSetsEnabled" value="true"/>
        <setting name="useColumnLabel" value="true"/>
        <setting name="useGeneratedKeys" value="false"/>
        <setting name="autoMappingBehavior" value="PARTIAL"/>
        <setting name="autoMappingUnknownColumnBehavior" value="WARNING"/>
        <setting name="defaultExecutorType" value="SIMPLE"/>
        <setting name="defaultStatementTimeout" value="25"/>
        <setting name="defaultFetchSize" value="100"/>
        <setting name="safeRowBoundsEnabled" value="false"/>
        <setting name="mapUnderscoreToCamelCase" value="false"/>
        <setting name="localCacheScope" value="SESSION"/>
        <setting name="jdbcTypeForNull" value="OTHER"/>
        <setting name="lazyLoadTriggerMethods" value="equals,clone,hashCode,toString"/>
    </settings>

    <typeAliases>
    </typeAliases>

    <mappers>
        <!--
            <mapper resource="mapper/TestMapper.xml"/>
             -->
    </mappers>

</configuration>
